{
  "convnext": {
    "full": {
      "region": "full",
      "model": "convnext",
      "accuracy": 0.9596728708403836,
      "macro_f1": 0.9505501246562176,
      "weighted_f1": 0.9574220269763439,
      "per_class": {
        "altium": {
          "precision": 0.9106145251396648,
          "recall": 0.9992337164750957,
          "f1": 0.9528681037632444,
          "support": 1305
        },
        "eagle": {
          "precision": 0.9726027397260274,
          "recall": 0.9943977591036415,
          "f1": 0.9833795013850416,
          "support": 357
        },
        "jlc": {
          "precision": 1.0,
          "recall": 0.9960106382978723,
          "f1": 0.9980013324450366,
          "support": 752
        },
        "kicad": {
          "precision": 0.9956268221574344,
          "recall": 0.9884225759768451,
          "f1": 0.9920116194625999,
          "support": 691
        },
        "orcad": {
          "precision": 0.9936305732484076,
          "recall": 0.7074829931972789,
          "f1": 0.8264900662251655,
          "support": 441
        }
      },
      "total_samples": 3546
    },
    "bottom": {
      "region": "bottom",
      "model": "convnext",
      "accuracy": 0.9114495205865765,
      "macro_f1": 0.8813579543988851,
      "weighted_f1": 0.9003332894303777,
      "per_class": {
        "altium": {
          "precision": 0.8467153284671532,
          "recall": 0.9777777777777777,
          "f1": 0.9075391180654339,
          "support": 1305
        },
        "eagle": {
          "precision": 0.9792284866468842,
          "recall": 0.9243697478991597,
          "f1": 0.9510086455331412,
          "support": 357
        },
        "jlc": {
          "precision": 0.9316770186335404,
          "recall": 0.9973404255319149,
          "f1": 0.9633911368015414,
          "support": 752
        },
        "kicad": {
          "precision": 0.9716312056737588,
          "recall": 0.9913169319826338,
          "f1": 0.9813753581661891,
          "support": 691
        },
        "orcad": {
          "precision": 0.9947916666666666,
          "recall": 0.4331065759637188,
          "f1": 0.6034755134281201,
          "support": 441
        }
      },
      "total_samples": 3546
    },
    "center": {
      "region": "center",
      "model": "convnext",
      "accuracy": 0.8539199097574732,
      "macro_f1": 0.8255743811239311,
      "weighted_f1": 0.8468282956875341,
      "per_class": {
        "altium": {
          "precision": 0.8267293485560779,
          "recall": 0.9432950191570881,
          "f1": 0.8811739441660702,
          "support": 1305
        },
        "eagle": {
          "precision": 0.789838337182448,
          "recall": 0.957983193277311,
          "f1": 0.8658227848101265,
          "support": 357
        },
        "jlc": {
          "precision": 0.8443627450980392,
          "recall": 0.9162234042553191,
          "f1": 0.8788265306122449,
          "support": 752
        },
        "kicad": {
          "precision": 0.9805309734513274,
          "recall": 0.8017366136034733,
          "f1": 0.8821656050955414,
          "support": 691
        },
        "orcad": {
          "precision": 0.8724279835390947,
          "recall": 0.48072562358276644,
          "f1": 0.6198830409356725,
          "support": 441
        }
      },
      "total_samples": 3546
    },
    "footer_masked": {
      "region": "footer_masked",
      "model": "convnext",
      "accuracy": 0.9122955442752397,
      "macro_f1": 0.892048330837168,
      "weighted_f1": 0.9108262236028086,
      "per_class": {
        "altium": {
          "precision": 0.8849862258953168,
          "recall": 0.9846743295019157,
          "f1": 0.9321726514327168,
          "support": 1305
        },
        "eagle": {
          "precision": 0.7585470085470085,
          "recall": 0.9943977591036415,
          "f1": 0.8606060606060606,
          "support": 357
        },
        "jlc": {
          "precision": 0.9855699855699855,
          "recall": 0.9082446808510638,
          "f1": 0.9453287197231834,
          "support": 752
        },
        "kicad": {
          "precision": 0.9951768488745981,
          "recall": 0.8958031837916064,
          "f1": 0.9428789032749428,
          "support": 691
        },
        "orcad": {
          "precision": 0.9421221864951769,
          "recall": 0.6643990929705216,
          "f1": 0.7792553191489362,
          "support": 441
        }
      },
      "total_samples": 3546
    }
  }
}