{
  "resnet50": {
    "footer_masked": {
      "region": "footer_masked",
      "model": "resnet50",
      "accuracy": 0.48251551043429214,
      "macro_f1": 0.3724231783976936,
      "weighted_f1": 0.39288085827370406,
      "per_class": {
        "altium": {
          "precision": 0.4364697802197802,
          "recall": 0.9739463601532568,
          "f1": 0.6027981977709272,
          "support": 1305
        },
        "eagle": {
          "precision": 0.7510373443983402,
          "recall": 0.5070028011204482,
          "f1": 0.6053511705685619,
          "support": 357
        },
        "jlc": {
          "precision": 0.9426751592356688,
          "recall": 0.19680851063829788,
          "f1": 0.3256325632563256,
          "support": 752
        },
        "kicad": {
          "precision": 1.0,
          "recall": 0.001447178002894356,
          "f1": 0.002890173410404624,
          "support": 691
        },
        "orcad": {
          "precision": 0.46808510638297873,
          "recall": 0.2494331065759637,
          "f1": 0.3254437869822485,
          "support": 441
        }
      },
      "total_samples": 3546
    }
  },
  "vit": {
    "footer_masked": {
      "region": "footer_masked",
      "model": "vit",
      "accuracy": 0.9125775521714607,
      "macro_f1": 0.9024018188057484,
      "weighted_f1": 0.9115896846140598,
      "per_class": {
        "altium": {
          "precision": 0.953810623556582,
          "recall": 0.9494252873563218,
          "f1": 0.9516129032258065,
          "support": 1305
        },
        "eagle": {
          "precision": 0.9023746701846965,
          "recall": 0.957983193277311,
          "f1": 0.9293478260869565,
          "support": 357
        },
        "jlc": {
          "precision": 0.9609120521172638,
          "recall": 0.7845744680851063,
          "f1": 0.8638360175695461,
          "support": 752
        },
        "kicad": {
          "precision": 0.8555417185554172,
          "recall": 0.9942112879884226,
          "f1": 0.9196787148594378,
          "support": 691
        },
        "orcad": {
          "precision": 0.8381374722838137,
          "recall": 0.8571428571428571,
          "f1": 0.8475336322869955,
          "support": 441
        }
      },
      "total_samples": 3546
    }
  }
}