{
  "full": {
    "region": "full",
    "accuracy": 0.7239142695995487,
    "macro_f1": 0.6653819352022131,
    "weighted_f1": 0.6556043266985007,
    "per_class": {
      "altium": {
        "precision": 0.6062350119904076,
        "recall": 0.9685823754789272,
        "f1": 0.7457227138643068,
        "support": 1305
      },
      "eagle": {
        "precision": 0.9487179487179487,
        "recall": 0.8291316526610645,
        "f1": 0.8849028400597907,
        "support": 357
      },
      "jlc": {
        "precision": 0.9907550077041603,
        "recall": 0.8550531914893617,
        "f1": 0.9179157744468237,
        "support": 752
      },
      "kicad": {
        "precision": 1.0,
        "recall": 0.004341534008683068,
        "f1": 0.008645533141210375,
        "support": 691
      },
      "orcad": {
        "precision": 0.7263581488933601,
        "recall": 0.81859410430839,
        "f1": 0.7697228144989339,
        "support": 441
      }
    },
    "total_samples": 3546
  },
  "bottom": {
    "region": "bottom",
    "accuracy": 0.7710095882684715,
    "macro_f1": 0.7393051811424082,
    "weighted_f1": 0.7610616349977358,
    "per_class": {
      "altium": {
        "precision": 0.8176426982950333,
        "recall": 0.8452107279693487,
        "f1": 0.8311981914091937,
        "support": 1305
      },
      "eagle": {
        "precision": 0.6850961538461539,
        "recall": 0.7983193277310925,
        "f1": 0.7373868046571799,
        "support": 357
      },
      "jlc": {
        "precision": 0.7020872865275142,
        "recall": 0.9840425531914894,
        "f1": 0.8194905869324474,
        "support": 752
      },
      "kicad": {
        "precision": 0.9846153846153847,
        "recall": 0.4630969609261939,
        "f1": 0.6299212598425197,
        "support": 691
      },
      "orcad": {
        "precision": 0.7114427860696517,
        "recall": 0.6485260770975056,
        "f1": 0.6785290628706999,
        "support": 441
      }
    },
    "total_samples": 3546
  },
  "center": {
    "region": "center",
    "accuracy": 0.41455160744500846,
    "macro_f1": 0.25389965468898656,
    "weighted_f1": 0.29362126982392767,
    "per_class": {
      "altium": {
        "precision": 0.3927905531385954,
        "recall": 0.9685823754789272,
        "f1": 0.5589210700862259,
        "support": 1305
      },
      "eagle": {
        "precision": 0.7292817679558011,
        "recall": 0.3697478991596639,
        "f1": 0.49070631970260226,
        "support": 357
      },
      "jlc": {
        "precision": 0.7419354838709677,
        "recall": 0.030585106382978722,
        "f1": 0.05874840357598978,
        "support": 752
      },
      "kicad": {
        "precision": 0.4074074074074074,
        "recall": 0.04775687409551375,
        "f1": 0.08549222797927461,
        "support": 691
      },
      "orcad": {
        "precision": 0.5142857142857142,
        "recall": 0.04081632653061224,
        "f1": 0.07563025210084033,
        "support": 441
      }
    },
    "total_samples": 3546
  }
}