{
  "resnet50": {
    "full": {
      "model": "resnet50",
      "region": "full",
      "accuracy": 0.7239142695995487,
      "macro_f1": 0.6653819352022131,
      "weighted_f1": 0.6556043266985007,
      "per_class": {
        "altium": {
          "precision": 0.6062350119904076,
          "recall": 0.9685823754789272,
          "f1": 0.7457227138643068,
          "support": 1305
        },
        "eagle": {
          "precision": 0.9487179487179487,
          "recall": 0.8291316526610645,
          "f1": 0.8849028400597907,
          "support": 357
        },
        "jlc": {
          "precision": 0.9907550077041603,
          "recall": 0.8550531914893617,
          "f1": 0.9179157744468237,
          "support": 752
        },
        "kicad": {
          "precision": 1.0,
          "recall": 0.004341534008683068,
          "f1": 0.008645533141210375,
          "support": 691
        },
        "orcad": {
          "precision": 0.7263581488933601,
          "recall": 0.81859410430839,
          "f1": 0.7697228144989339,
          "support": 441
        }
      },
      "total_samples": 3546
    },
    "bottom": {
      "model": "resnet50",
      "region": "bottom",
      "accuracy": 0.7710095882684715,
      "macro_f1": 0.7393051811424082,
      "weighted_f1": 0.7610616349977358,
      "per_class": {
        "altium": {
          "precision": 0.8176426982950333,
          "recall": 0.8452107279693487,
          "f1": 0.8311981914091937,
          "support": 1305
        },
        "eagle": {
          "precision": 0.6850961538461539,
          "recall": 0.7983193277310925,
          "f1": 0.7373868046571799,
          "support": 357
        },
        "jlc": {
          "precision": 0.7020872865275142,
          "recall": 0.9840425531914894,
          "f1": 0.8194905869324474,
          "support": 752
        },
        "kicad": {
          "precision": 0.9846153846153847,
          "recall": 0.4630969609261939,
          "f1": 0.6299212598425197,
          "support": 691
        },
        "orcad": {
          "precision": 0.7114427860696517,
          "recall": 0.6485260770975056,
          "f1": 0.6785290628706999,
          "support": 441
        }
      },
      "total_samples": 3546
    },
    "center": {
      "model": "resnet50",
      "region": "center",
      "accuracy": 0.41455160744500846,
      "macro_f1": 0.25389965468898656,
      "weighted_f1": 0.29362126982392767,
      "per_class": {
        "altium": {
          "precision": 0.3927905531385954,
          "recall": 0.9685823754789272,
          "f1": 0.5589210700862259,
          "support": 1305
        },
        "eagle": {
          "precision": 0.7292817679558011,
          "recall": 0.3697478991596639,
          "f1": 0.49070631970260226,
          "support": 357
        },
        "jlc": {
          "precision": 0.7419354838709677,
          "recall": 0.030585106382978722,
          "f1": 0.05874840357598978,
          "support": 752
        },
        "kicad": {
          "precision": 0.4074074074074074,
          "recall": 0.04775687409551375,
          "f1": 0.08549222797927461,
          "support": 691
        },
        "orcad": {
          "precision": 0.5142857142857142,
          "recall": 0.04081632653061224,
          "f1": 0.07563025210084033,
          "support": 441
        }
      },
      "total_samples": 3546
    }
  },
  "vit": {
    "full": {
      "model": "vit",
      "region": "full",
      "accuracy": 0.9844895657078399,
      "macro_f1": 0.9816725501311019,
      "weighted_f1": 0.9846351649511427,
      "per_class": {
        "altium": {
          "precision": 0.9945440374123149,
          "recall": 0.9777777777777777,
          "f1": 0.9860896445131375,
          "support": 1305
        },
        "eagle": {
          "precision": 0.9724517906336089,
          "recall": 0.988795518207283,
          "f1": 0.9805555555555555,
          "support": 357
        },
        "jlc": {
          "precision": 1.0,
          "recall": 0.988031914893617,
          "f1": 0.9939799331103679,
          "support": 752
        },
        "kicad": {
          "precision": 0.9956331877729258,
          "recall": 0.9898697539797395,
          "f1": 0.9927431059506531,
          "support": 691
        },
        "orcad": {
          "precision": 0.925531914893617,
          "recall": 0.9863945578231292,
          "f1": 0.9549945115257958,
          "support": 441
        }
      },
      "total_samples": 3546
    },
    "bottom": {
      "model": "vit",
      "region": "bottom",
      "accuracy": 0.9571347997743936,
      "macro_f1": 0.9487847928914128,
      "weighted_f1": 0.9572722249187451,
      "per_class": {
        "altium": {
          "precision": 0.9697908597986057,
          "recall": 0.9593869731800766,
          "f1": 0.9645608628659477,
          "support": 1305
        },
        "eagle": {
          "precision": 0.9425287356321839,
          "recall": 0.9187675070028011,
          "f1": 0.9304964539007092,
          "support": 357
        },
        "jlc": {
          "precision": 0.9879194630872483,
          "recall": 0.9787234042553191,
          "f1": 0.9832999331997327,
          "support": 752
        },
        "kicad": {
          "precision": 0.957325746799431,
          "recall": 0.9739507959479016,
          "f1": 0.9655667144906743,
          "support": 691
        },
        "orcad": {
          "precision": 0.8823529411764706,
          "recall": 0.9183673469387755,
          "f1": 0.9,
          "support": 441
        }
      },
      "total_samples": 3546
    },
    "center": {
      "model": "vit",
      "region": "center",
      "accuracy": 0.7569091934574168,
      "macro_f1": 0.7203138713329322,
      "weighted_f1": 0.7516174568307447,
      "per_class": {
        "altium": {
          "precision": 0.7488702388637831,
          "recall": 0.8888888888888888,
          "f1": 0.8128941836019622,
          "support": 1305
        },
        "eagle": {
          "precision": 0.9081632653061225,
          "recall": 0.49859943977591037,
          "f1": 0.64376130198915,
          "support": 357
        },
        "jlc": {
          "precision": 0.75,
          "recall": 0.7220744680851063,
          "f1": 0.7357723577235772,
          "support": 752
        },
        "kicad": {
          "precision": 0.8088888888888889,
          "recall": 0.7901591895803184,
          "f1": 0.7994143484626647,
          "support": 691
        },
        "orcad": {
          "precision": 0.6393034825870647,
          "recall": 0.5827664399092971,
          "f1": 0.6097271648873073,
          "support": 441
        }
      },
      "total_samples": 3546
    }
  }
}