{
  "exact_match": 0.23880597014925373,
  "micro_f1": 0.6560636182902585,
  "macro_f1": 0.622852210274791,
  "per_category": {
    "power": {
      "precision": 0.5876288659793815,
      "recall": 0.8769230769230769,
      "f1": 0.7037037037037037
    },
    "interface": {
      "precision": 0.7014925373134329,
      "recall": 0.8103448275862069,
      "f1": 0.752
    },
    "communication": {
      "precision": 0.6304347826086957,
      "recall": 0.6590909090909091,
      "f1": 0.6444444444444445
    },
    "signal": {
      "precision": 0.72,
      "recall": 0.46153846153846156,
      "f1": 0.5625
    },
    "control": {
      "precision": 0.5185185185185185,
      "recall": 0.4,
      "f1": 0.45161290322580644
    }
  }
}